N,D,C,lr,gbsz,loss
47557632,6000000000.0,1.712074752e+18,0.0008734547107871994,16,2.929148135625664
47557632,6000000000.0,1.712074752e+18,0.0013729913343212773,32,2.9257661000221855
47557632,6000000000.0,1.712074752e+18,0.00251029475628094,64,2.9272381607043414
47557632,6000000000.0,1.712074752e+18,0.004387461954270283,128,2.933125775815432
47557632,12000000000.0,3.424149504e+18,0.0007720541705086922,16,2.879621133761084
47557632,12000000000.0,3.424149504e+18,0.001162226005533296,32,2.873849607326813
47557632,12000000000.0,3.424149504e+18,0.0021454211599378128,64,2.8730955700604595
47557632,12000000000.0,3.424149504e+18,0.005028629702780482,128,2.8765993389842675
47557632,12000000000.0,3.424149504e+18,0.004043705967658154,256,2.8928406670081195
47557632,20000000000.0,5.70691584e+18,0.0007416489746861728,16,2.850636980367346
47557632,20000000000.0,5.70691584e+18,0.0010251006773215321,32,2.8430665170123444
47557632,20000000000.0,5.70691584e+18,0.0018243289242370299,64,2.8408314532362224
47557632,20000000000.0,5.70691584e+18,0.003794030734601778,128,2.8434646849681307
47557632,20000000000.0,5.70691584e+18,0.005287641750598053,256,2.8513171895563305
47557632,20000000000.0,5.70691584e+18,0.005147884961982253,512,2.876657047068794
47557632,30000000000.0,8.56037376e+18,0.0007144591136803313,16,2.831756485934606
47557632,30000000000.0,8.56037376e+18,0.0009241586008869293,32,2.8226483143068135
47557632,30000000000.0,8.56037376e+18,0.0016237469769570013,64,2.8191226652782446
47557632,30000000000.0,8.56037376e+18,0.003090026150678566,128,2.8214439168568712
47557632,30000000000.0,8.56037376e+18,0.005850723845129655,256,2.824988003821567
47557632,30000000000.0,8.56037376e+18,0.0068513566532772685,512,2.8416247049858
47557632,30000000000.0,8.56037376e+18,0.004238304750809852,1024,2.887266369531547
47557632,50000000000.0,1.42672896e+19,0.0008263817465956322,32,2.801872008360775
47557632,50000000000.0,1.42672896e+19,0.001413716849595847,64,2.7974700300206417
47557632,50000000000.0,1.42672896e+19,0.0028872225452910264,128,2.797376037830447
47557632,50000000000.0,1.42672896e+19,0.009738027941436115,256,2.793891961923683
47557632,50000000000.0,1.42672896e+19,0.015805366740359907,512,2.801331651444226
47557632,50000000000.0,1.42672896e+19,0.007279027790063019,1024,2.833911081439938
47557632,80000000000.0,2.282766336e+19,0.001250914177226572,64,2.780297031493425
47557632,80000000000.0,2.282766336e+19,0.002081101220975807,128,2.7805593433078704
47557632,80000000000.0,2.282766336e+19,0.00599040134652219,256,2.779818186308628
47557632,80000000000.0,2.282766336e+19,0.02349402116680172,512,2.7758495478369687
47557632,80000000000.0,2.282766336e+19,0.013455848816726047,1024,2.798225803038043
47557632,120000000000.0,3.424149504e+19,0.0011389259147941522,64,2.7686860301258114
47557632,120000000000.0,3.424149504e+19,0.0018257129103875364,128,2.7681722062610765
47557632,120000000000.0,3.424149504e+19,0.004927924332610413,256,2.7674988800495344
47557632,120000000000.0,3.424149504e+19,0.021214782763057372,512,2.7625571342743607
47557632,120000000000.0,3.424149504e+19,0.033742466686062365,1024,2.768471601988449
47557632,200000000000.0,5.70691584e+19,0.0010181037472031889,64,2.7565727187843683
47557632,200000000000.0,5.70691584e+19,0.0015847396108113361,128,2.754934581689639
47557632,200000000000.0,5.70691584e+19,0.003521621703189533,256,2.7551093789463534
47557632,200000000000.0,5.70691584e+19,0.015525707319375519,512,2.7503586026391122
47557632,200000000000.0,5.70691584e+19,0.09348370302365934,1024,2.740030704310314
47557632,300000000000.0,8.56037376e+19,1.0394119636784882,64,0.00031564721842599247
47557632,300000000000.0,8.56037376e+19,0.001462998555425384,128,2.7463584367219362
47557632,300000000000.0,8.56037376e+19,0.003030663549627398,256,2.7460893996334237
47557632,300000000000.0,8.56037376e+19,0.009241535448201905,512,2.744519385774808
47557632,300000000000.0,8.56037376e+19,0.09593698418338201,1024,2.730348057087672
124455168,6000000000.0,4.480386048e+18,0.0004838123091191875,16,2.716695203972848
124455168,6000000000.0,4.480386048e+18,0.000792622530704272,32,2.7124645091175994
124455168,6000000000.0,4.480386048e+18,0.0012054267303631323,64,2.7166684388245455
124455168,6000000000.0,4.480386048e+18,0.002176691743995444,128,2.727533626186974
124455168,12000000000.0,8.960772096e+18,0.0004041819380775305,16,2.6533738006073686
124455168,12000000000.0,8.960772096e+18,0.0005950948246010177,32,2.6483692513473933
124455168,12000000000.0,8.960772096e+18,0.000999975328263187,64,2.6481251499916265
124455168,12000000000.0,8.960772096e+18,0.001707921012771607,128,2.6518217354836553
124455168,12000000000.0,8.960772096e+18,0.0031707459053516695,256,2.666235988018169
124455168,20000000000.0,1.493462016e+19,0.0005765705030602047,32,2.60792550754507
124455168,20000000000.0,1.493462016e+19,0.0009312379256123819,64,2.6047548491566515
124455168,20000000000.0,1.493462016e+19,0.0015282861302282646,128,2.60591821490978
124455168,20000000000.0,1.493462016e+19,0.004008642292658985,256,2.6119909665276437
124455168,20000000000.0,1.493462016e+19,0.003875757926642695,512,2.6408713172253515
124455168,30000000000.0,2.240193024e+19,0.0005683339675591951,32,2.579151499580151
124455168,30000000000.0,2.240193024e+19,0.0009123830434500616,64,2.573754506865317
124455168,30000000000.0,2.240193024e+19,0.0014534085733149808,128,2.574484438773657
124455168,30000000000.0,2.240193024e+19,0.0045113346279132506,256,2.5769479765724173
124455168,30000000000.0,2.240193024e+19,0.0038430582548784112,512,2.5981783935700036
124455168,30000000000.0,2.240193024e+19,0.010007471911585688,1024,2.6430495632937
124455168,50000000000.0,3.73365504e+19,0.0008857822355994454,64,2.540644068432043
124455168,50000000000.0,3.73365504e+19,0.00136749515901119,128,2.5411909704102875
124455168,50000000000.0,3.73365504e+19,0.0037886854066355113,256,2.5423869819797793
124455168,50000000000.0,3.73365504e+19,0.0038843087627188993,512,2.555404488641524
124455168,50000000000.0,3.73365504e+19,0.054918028147146525,1024,2.557474835891023
124455168,80000000000.0,5.973848064e+19,0.0008604737479921203,64,2.5158588645633735
124455168,80000000000.0,5.973848064e+19,0.0012732987547617984,128,2.515498397567036
124455168,80000000000.0,5.973848064e+19,0.002971430736097795,256,2.5166746426402558
124455168,80000000000.0,5.973848064e+19,0.003824204374408479,512,2.524151321370894
124455168,80000000000.0,5.973848064e+19,0.06268158734862081,1024,2.5213408804736344
124455168,120000000000.0,8.960772096e+19,0.0008145829924013154,64,2.4985082649897032
124455168,120000000000.0,8.960772096e+19,0.0011570877855907745,128,2.4969552465322926
124455168,120000000000.0,8.960772096e+19,0.0022655714068263804,256,2.498213119547232
124455168,120000000000.0,8.960772096e+19,0.003477272259681549,512,2.502557455129898
124455168,120000000000.0,8.960772096e+19,1.1828417653343573,1024,2.4634193215507167
124455168,200000000000.0,1.493462016e+20,0.0010618240869480354,128,2.475927323979619
124455168,200000000000.0,1.493462016e+20,0.0018028587104726114,256,2.4782773071990833
124455168,200000000000.0,1.493462016e+20,0.0031638806253030285,512,2.480359561337316
124455168,200000000000.0,1.493462016e+20,0.04613052382449691,1024,2.4728368585828764
124455168,300000000000.0,2.240193024e+20,0.0008998170378001786,128,2.4664166076723673
124455168,300000000000.0,2.240193024e+20,0.001621790871257617,256,2.465266991995968
124455168,300000000000.0,2.240193024e+20,0.00291748147780078,512,2.4665053004060704
124455168,300000000000.0,2.240193024e+20,0.012724337515810678,1024,2.4676201913193387
301880320,6000000000.0,1.086769152e+19,0.0004867429855469729,32,2.577171301784171
301880320,6000000000.0,1.086769152e+19,0.001005171777616856,64,2.5736927301444057
301880320,6000000000.0,1.086769152e+19,0.0016237629255552155,128,2.5756128071557205
301880320,12000000000.0,2.173538304e+19,0.00034157183950642026,32,2.5059042609303104
301880320,12000000000.0,2.173538304e+19,0.0006380925067654307,64,2.4980834753469736
301880320,12000000000.0,2.173538304e+19,0.0013365503863337997,128,2.497001845716131
301880320,12000000000.0,2.173538304e+19,0.001830716082711013,256,2.5066262101392733
301880320,20000000000.0,3.62256384e+19,0.0002196452205367807,32,2.461713951444229
301880320,20000000000.0,3.62256384e+19,0.000499656813207995,64,2.451280681865214
301880320,20000000000.0,3.62256384e+19,0.0011490484865049298,128,2.450247879400145
301880320,20000000000.0,3.62256384e+19,0.0016031544312437457,256,2.455076402251296
301880320,20000000000.0,3.62256384e+19,0.00229145468215633,512,2.4718658234122257
301880320,30000000000.0,5.43384576e+19,,32,
301880320,30000000000.0,5.43384576e+19,0.0004342302504203777,64,2.418553872812322
301880320,30000000000.0,5.43384576e+19,0.0010016252014655729,128,2.4168268139291307
301880320,30000000000.0,5.43384576e+19,0.0015435998470654897,256,2.4194398624852154
301880320,30000000000.0,5.43384576e+19,0.0023162325702476994,512,2.43098759422019
301880320,30000000000.0,5.43384576e+19,0.0029878596177448755,1024,2.4589476472993823
301880320,50000000000.0,9.0564096e+19,0.0004138965580839605,64,2.381063112138789
301880320,50000000000.0,9.0564096e+19,0.0008584880333881066,128,2.3777814605490804
301880320,50000000000.0,9.0564096e+19,0.001458675596003107,256,2.3790612124113393
301880320,50000000000.0,9.0564096e+19,0.0028230916888727976,512,2.386169679297266
301880320,50000000000.0,9.0564096e+19,0.003455675287417339,1024,2.4042274920392455
301880320,80000000000.0,1.449025536e+20,0.00028208542782419253,64,2.3474578426733914
301880320,80000000000.0,1.449025536e+20,0.0007035631907437659,128,2.345766270793592
301880320,80000000000.0,1.449025536e+20,0.0013597964414679869,256,2.3458841227523792
301880320,80000000000.0,1.449025536e+20,0.0031983561449728816,512,2.3499045786486388
301880320,80000000000.0,1.449025536e+20,0.004370560920592391,1024,2.3630614865224944
301880320,120000000000.0,2.173538304e+20,1.0394119636784882,64,0.0002704223033921842
301880320,120000000000.0,2.173538304e+20,0.0006958030782431764,128,2.321862155563306
301880320,120000000000.0,2.173538304e+20,0.0012777841725554538,256,2.320732189119887
301880320,120000000000.0,2.173538304e+20,0.002921031482250224,512,2.323397100219967
301880320,120000000000.0,2.173538304e+20,0.0062388703604966565,1024,2.3322368352601233
301880320,200000000000.0,3.62256384e+20,0.00033238290257239545,64,2.303814149033858
301880320,200000000000.0,3.62256384e+20,0.0008731449233860398,128,2.2989150503129023
301880320,200000000000.0,3.62256384e+20,0.0011780440983501508,256,2.2940520293342552
301880320,200000000000.0,3.62256384e+20,0.0022850108882530515,512,2.2955762457493285
301880320,200000000000.0,3.62256384e+20,0.010180434789379866,1024,2.298727612272593
301880320,300000000000.0,5.43384576e+20,0.0006347814704697752,128,2.280487725802586
301880320,300000000000.0,5.43384576e+20,0.0010818132832093904,256,2.276478178672423
301880320,300000000000.0,5.43384576e+20,0.001995357580186468,512,2.277323413706869
301880320,300000000000.0,5.43384576e+20,0.008945240793690638,1024,2.278669839706521
588544000,6000000000.0,2.1187584e+19,0.0005692152213990189,32,2.485302965477888
588544000,6000000000.0,2.1187584e+19,0.0008761249407579001,64,2.47956061012808
588544000,6000000000.0,2.1187584e+19,0.0014933871590965973,128,2.482897878091707
588544000,12000000000.0,4.2375168e+19,0.00036009147684364193,32,2.4105565872057597
588544000,12000000000.0,4.2375168e+19,0.0006394926114851347,64,2.396467570442858
588544000,12000000000.0,4.2375168e+19,0.0010989473312012434,128,2.396408046758498
588544000,12000000000.0,4.2375168e+19,0.0015874982629126104,256,2.4096341721829284
588544000,20000000000.0,7.062528e+19,0.0007572588632839282,64,2.347391356615123
588544000,20000000000.0,7.062528e+19,0.0009027521545563682,128,2.3445599844729985
588544000,20000000000.0,7.062528e+19,0.0015881013079860182,256,2.3535660984408344
588544000,20000000000.0,7.062528e+19,0.0019372324951489191,512,2.3747149551557114
588544000,30000000000.0,1.0593792e+20,0.0005420472466460656,64,2.310179880978088
588544000,30000000000.0,1.0593792e+20,0.0008119364774613453,128,2.308153332762356
588544000,30000000000.0,1.0593792e+20,0.0014145791295899271,256,2.3146674995895435
588544000,30000000000.0,1.0593792e+20,0.0017361923148222125,512,2.329452857475536
588544000,30000000000.0,1.0593792e+20,0.0018437480825971794,1024,2.3578337639119646
588544000,50000000000.0,1.765632e+20,0.0007141777369705838,64,2.2734734474919556
588544000,50000000000.0,1.765632e+20,0.0008933087882346552,128,2.2663592068921523
588544000,50000000000.0,1.765632e+20,0.0013272419327951196,256,2.2715308424702996
588544000,50000000000.0,1.765632e+20,0.0019690513716281006,512,2.2811047148059984
588544000,50000000000.0,1.765632e+20,0.0026085077704762847,1024,2.3044207314886402
588544000,80000000000.0,2.8250112e+20,0.0006627755386735555,64,2.2426311182220737
588544000,80000000000.0,2.8250112e+20,0.0008363167111262028,128,2.232862826701387
588544000,80000000000.0,2.8250112e+20,0.0012640227352279068,256,2.2359143721678185
588544000,80000000000.0,2.8250112e+20,0.0021602561519797336,512,2.242759083928058
588544000,80000000000.0,2.8250112e+20,0.0030062319137155276,1024,2.2579672515267966
588544000,120000000000.0,4.2375168e+20,0.0006119749687871429,64,2.2197886462724408
588544000,120000000000.0,4.2375168e+20,0.0007585195531110563,128,2.2076338385807985
588544000,120000000000.0,4.2375168e+20,0.0011682171929778722,256,2.208382252248415
588544000,120000000000.0,4.2375168e+20,0.002157422015600984,512,2.2133451382203186
588544000,120000000000.0,4.2375168e+20,0.0039059891672258273,1024,2.223198163728915
588544000,200000000000.0,7.062528e+20,1.032109739355069,64,0.00011292992003522352
588544000,200000000000.0,7.062528e+20,0.0006474551927886099,128,2.1807794450816234
588544000,200000000000.0,7.062528e+20,0.0010232547619966415,256,2.179021610698654
588544000,200000000000.0,7.062528e+20,0.0018283282497127751,512,2.1815490912332622
588544000,200000000000.0,7.062528e+20,0.00336810119234778,1024,2.1865357383868833
588544000,300000000000.0,1.0593792e+21,0.0005264989368244293,128,2.1630738508877942
588544000,300000000000.0,1.0593792e+21,0.0009254393518740937,256,2.1594902304897357
588544000,300000000000.0,1.0593792e+21,0.0015471342130571307,512,2.160439627225495
588544000,300000000000.0,1.0593792e+21,0.003097068244234217,1024,2.163270825743497
983138304,6000000000.0,3.5392978944e+19,0.0003854583291991395,32,2.429935519974518
983138304,6000000000.0,3.5392978944e+19,0.0006203607809967698,64,2.4250962806974794
983138304,6000000000.0,3.5392978944e+19,0.0012750402485840644,128,2.438946694637349
983138304,12000000000.0,7.0785957888e+19,0.000460747088071076,64,2.3363549579156704
983138304,12000000000.0,7.0785957888e+19,0.0007741879975009827,128,2.342549217496958
983138304,12000000000.0,7.0785957888e+19,0.0012946948469405094,256,2.3579571001683566
983138304,20000000000.0,1.1797659648e+20,0.0003732654149702114,64,2.283547933070696
983138304,20000000000.0,1.1797659648e+20,0.0005750661500516101,128,2.285156065241456
983138304,20000000000.0,1.1797659648e+20,0.0009700260566746942,256,2.295928752354875
983138304,20000000000.0,1.1797659648e+20,0.0015278376689024128,512,2.3188204953180698
983138304,30000000000.0,1.7696489472e+20,0.0003193376752060413,64,2.2471278474453014
983138304,30000000000.0,1.7696489472e+20,0.0004995641441449671,128,2.2451949641042837
983138304,30000000000.0,1.7696489472e+20,0.0007609095489198946,256,2.253889893627405
983138304,30000000000.0,1.7696489472e+20,0.0013685093077986708,512,2.2702764209389916
983138304,30000000000.0,1.7696489472e+20,0.0014700881774353486,1024,2.301755662237423
983138304,50000000000.0,2.949414912e+20,0.0002824119839940705,64,2.2063332847316417
983138304,50000000000.0,2.949414912e+20,0.00039261456066911027,128,2.2026933530539976
983138304,50000000000.0,2.949414912e+20,0.0006080325887891383,256,2.2057280858814314
983138304,50000000000.0,2.949414912e+20,0.001277109350869507,512,2.2190934627703602
983138304,50000000000.0,2.949414912e+20,0.001470981825757118,1024,2.24182549147998
983138304,80000000000.0,4.7190638592e+20,0.0002612712443778822,64,2.171919305246041
983138304,80000000000.0,4.7190638592e+20,0.000354948090145542,128,2.1670474841247476
983138304,80000000000.0,4.7190638592e+20,0.0005835782364846271,256,2.168301334103155
983138304,80000000000.0,4.7190638592e+20,0.0009283022662742678,512,2.177141666864128
983138304,80000000000.0,4.7190638592e+20,0.0017858819144844034,1024,2.194553488055418
983138304,120000000000.0,7.0785957888e+20,0.0002503019710978817,64,2.1454289766341095
983138304,120000000000.0,7.0785957888e+20,0.00031074994462389335,128,2.1390442570802968
983138304,120000000000.0,7.0785957888e+20,0.000586658366265736,256,2.138390081808815
983138304,120000000000.0,7.0785957888e+20,0.001183736226777365,512,2.1453690175107387
983138304,120000000000.0,7.0785957888e+20,0.0013019258775385694,1024,2.1607114575441404
983138304,200000000000.0,1.1797659648e+21,0.000231309277628377,64,2.1168716920977753
983138304,200000000000.0,1.1797659648e+21,0.0003856538113620319,128,2.105611108003721
983138304,200000000000.0,1.1797659648e+21,0.0005891706035588435,256,2.104379574578485
983138304,200000000000.0,1.1797659648e+21,0.0013715943617935533,512,2.1091057880066315
983138304,200000000000.0,1.1797659648e+21,0.01089243268383696,1024,2.114516249493817
983138304,300000000000.0,1.7696489472e+21,,64,
983138304,300000000000.0,1.7696489472e+21,0.0003889571651131096,128,2.086050833648365
983138304,300000000000.0,1.7696489472e+21,0.0005736562283425716,256,2.082558643280045
983138304,300000000000.0,1.7696489472e+21,0.0011876330457135061,512,2.0846485934990167
983138304,300000000000.0,1.7696489472e+21,0.04829267455476656,1024,2.080259479003755
1713504256,30000000000.0,3.0843076608e+20,0.0005217449455856175,128,2.178518931362082
1713504256,30000000000.0,3.0843076608e+20,0.0008015067362130575,256,2.185141380339163
1713504256,30000000000.0,3.0843076608e+20,0.024027556000026606,512,2.1929577495985297
1713504256,50000000000.0,5.140512768e+20,0.00046308281870520527,128,2.1326725365290926
1713504256,50000000000.0,5.140512768e+20,0.0005442127363883766,256,2.137211599844709
1713504256,50000000000.0,5.140512768e+20,,512,
1713504256,80000000000.0,8.2248204288e+20,0.0004396160481913146,128,2.0953854854502874
1713504256,80000000000.0,8.2248204288e+20,0.00039712828440687545,256,2.0977215257485975
1713504256,80000000000.0,8.2248204288e+20,,512,
1713504256,120000000000.0,1.23372306432e+21,0.0004121784464480302,128,2.0691493141569235
1713504256,120000000000.0,1.23372306432e+21,0.00037811304584416946,256,2.067065526593691
1713504256,120000000000.0,1.23372306432e+21,,512,
1713504256,200000000000.0,2.0562051072e+21,0.0005516358719810478,256,2.0342852185341473
1713504256,200000000000.0,2.0562051072e+21,,512,
1713504256,300000000000.0,3.0843076608e+21,0.00046273758274440385,256,2.010420183265188
1713504256,300000000000.0,3.0843076608e+21,,512,
